file,sta,ph,r_km,n,w_mean,dTdz,dTdr,I_z,I_r,w_sum,I_z_share,I_r_share,cluster
dt.cc.upsampled,BAUM,P,7.347874741628518,144,0.559432638888889,-190.34268533504095,176.6670153870953,2918654.4264719007,2514323.9781868183,80.5583,0.0009113345347113447,0.00013587393398605945,1
dt.cc.upsampled,BAUM,S,7.347874741628518,8,0.4318375,-382.5330686473061,354.6754164503918,505531.6009785609,434582.7809280541,3.4547,0.00015784959061309188,2.3484830355823445e-05,1
dt.cc.upsampled,DRSC,P,2.636215936972488,23859,0.8869889685234084,110.44925356719747,234.99249897302232,258164204.89336157,1168633832.2698941,21162.6698,0.0806104187641075,0.06315291010915107,1
dt.cc.upsampled,DRSC,S,2.636215936972488,24085,0.7605209674070998,220.07657081376087,472.86201925794245,887167172.3066108,4095686508.4921155,18317.1475,0.2770132958709178,0.2213306809744402,1
dt.cc.upsampled,EPJZ,P,6.482939789100356,12034,0.7388076699351837,44.801907034819344,255.77028894252507,17845733.521098346,581623024.9386858,8890.8115,0.005572236681234034,0.03143087731768007,1
dt.cc.upsampled,EPJZ,S,6.482939789100356,185,0.44530756756756756,81.30786318238049,515.2074031764364,544624.155367523,21867341.827019297,82.3819,0.0001700560356590058,0.0011817099887014844,1
dt.cc.upsampled,FRST,P,4.354522365612175,22323,0.9144812525198226,68.32400581913367,250.51426488124085,95295854.32278387,1281127303.9911995,20413.965,0.029755630632899266,0.06923205133483587,1
dt.cc.upsampled,FRST,S,4.354522365612175,12369,0.5358416606031208,132.50161735923083,504.4736273871786,116362602.1390219,1686739441.6126845,6627.825500000001,0.03633361213179165,0.09115130966799216,1
dt.cc.upsampled,JULA,P,4.319076680845484,23335,0.8921908035140348,68.89495983034344,250.35428116399362,98818998.9376424,1304895076.163642,20819.2724,0.030855714058049422,0.07051646047827609,1
dt.cc.upsampled,JULA,S,4.319076680845484,19834,0.5678902591509529,133.71618039278667,504.14590953972385,201392203.29264054,2862775052.8864975,11263.5354,0.06288365906478723,0.15470421152064287,1
dt.cc.upsampled,OKGS,P,6.525914309161462,183,0.6449994535519126,44.48081527472336,255.82655495917538,233537.11659364932,7725056.802424195,118.0349,7.292073962520258e-05,0.0004174616585282213,1
dt.cc.upsampled,OKGS,S,6.525914309161462,22,0.44126818181818184,80.58914674795581,515.3207587548403,63049.02998709765,2577986.0870423326,9.7079,1.9686728886485542e-05,0.00013931423096094864,1
dt.cc.upsampled,WICH,P,2.3548249856944423,24517,0.9226717175837174,121.5814800390591,229.43643078287224,334387001.744911,1190801276.3551474,22621.142499999998,0.10441058725033474,0.06435083760791813,1
dt.cc.upsampled,WICH,S,2.3548249856944423,23877,0.8446277002973573,242.8025093184183,461.617004268664,1188916683.5582209,4297428664.440137,20167.175600000002,0.37123299791638337,0.23223281634653106,1
dt.ct,BAUM,P,7.347874741628518,154,1.0,-190.34268533504095,176.6670153870953,5579472.03052538,4806530.086170761,154.0,0.0013529643627827807,0.00018401335062774913,1
dt.ct,BAUM,S,7.347874741628518,16,1.0,-382.5330686473061,354.6754164503918,2341304.7777395938,2012714.416548142,16.0,0.0005677422360689653,7.705482271117127e-05,1
dt.ct,DRSC,P,2.636215936972488,23860,1.0,110.44925356719747,234.99249897302232,291069037.45932883,1317584383.3257594,23860.0,0.07058123647496378,0.05044244241977183,1
dt.ct,DRSC,S,2.636215936972488,24112,1.0,220.07657081376087,472.86201925794245,1167833302.5738316,5391406772.95752,24112.0,0.2831875187130445,0.2064047882990423,1
dt.ct,EPJZ,P,6.482939789100356,12061,1.0,44.801907034819344,255.77028894252507,24208970.350790493,789011813.3519634,12061.0,0.005870425367326429,0.030206553346561717,1
dt.ct,EPJZ,S,6.482939789100356,447,1.0,81.30786318238049,515.2074031764364,2955102.971032263,118651084.72464977,447.0,0.0007165819608533264,0.004542441899743488,1
dt.ct,FRST,P,4.354522365612175,22327,1.0,68.32400581913367,250.51426488124085,104226226.48097984,1401184400.786986,22327.0,0.025273783849905657,0.05364298814606194,1
dt.ct,FRST,S,4.354522365612175,14506,1.0,132.50161735923083,504.4736273871786,254677179.8123912,3691684752.417455,14506.0,0.06175658671914551,0.14133257642727137,1
dt.ct,JULA,P,4.319076680845484,23342,1.0,68.89495983034344,250.35428116399362,110793164.56815505,1463012745.2394412,23342.0,0.026866198536445875,0.0560100264507211,1
dt.ct,JULA,S,4.319076680845484,21780,1.0,133.71618039278667,504.14590953972385,389426768.0566539,5535672276.740739,21780.0,0.09443197066169644,0.21192785343235546,1
dt.ct,OKGS,P,6.525914309161462,184,1.0,44.48081527472336,255.82655495917538,364051.8986607476,12042289.624899518,184.0,8.827882681312052e-05,0.00046102739884708066,1
dt.ct,OKGS,S,6.525914309161462,56,1.0,80.58914674795581,515.3207587548403,363698.19211955916,14871107.126605202,56.0,8.819305662868496e-05,0.0005693259380159018,1
dt.ct,WICH,P,2.3548249856944423,24518,1.0,121.5814800390591,229.43643078287224,362426456.0811519,1290653895.7382681,24518.0,0.0878846737692642,0.04941143477680059,1
dt.ct,WICH,S,2.3548249856944423,23877,1.0,242.8025093184183,461.617004268664,1407622178.552342,5087956105.307931,23877.0,0.3413338454650608,0.19478747329146814,1
dt.cc.upsampled,DRSC,P,2.382757092510604,8129,0.7487724443350966,124.76267577571143,227.69482616465163,94745008.26055495,315568250.29804504,6086.7712,0.11476429243014233,0.08028318911461502,2
dt.cc.upsampled,DRSC,S,2.382757092510604,7933,0.6253534098071348,249.34116900328542,458.0640973082728,308425984.06506246,1040915518.899732,4960.9286,0.3735953004611614,0.264817570770308,2
dt.cc.upsampled,EPJZ,P,6.535913067811123,12,0.4840583333333333,46.75142548641098,255.41942997838962,12696.05110639594,378954.274262147,5.8087,1.537868167023073e-05,9.640912112560555e-05,2
dt.cc.upsampled,EPJZ,S,6.535913067811123,1,0.4775,81.25483734075178,514.4138307850144,3152.621452332394,126356.80889214114,0.4775,3.818759182352048e-06,3.214622375548241e-05,2
dt.cc.upsampled,FRST,P,4.587712825396178,5851,0.7499313279781235,67.8618815872012,250.63430447900714,20207071.984903898,275633893.7996073,4387.8482,0.02447675461756157,0.07012355647759749,2
dt.cc.upsampled,FRST,S,4.587712825396178,407,0.443812285012285,131.77748311861137,504.6529788619392,3136722.8369477117,46002285.72908447,180.6316,0.0037995012459315423,0.011703364332135802,2
dt.cc.upsampled,JULA,P,4.086674538904927,7914,0.7392704195097295,76.26265657309838,248.20513286950785,34026966.56075293,360429966.85154146,5850.5860999999995,0.041216743895886275,0.09169638315637606,2
dt.cc.upsampled,JULA,S,4.086674538904927,5009,0.4739972649231384,149.4969001917479,499.68679143834737,53062931.93255398,592819671.7653248,2374.2523,0.06427494122710094,0.15081825809234273,2
dt.cc.upsampled,WICH,P,2.632354113083113,8148,0.7281869906725575,114.84373814625081,232.87155087182597,78254365.90653326,321756113.2889348,5933.267599999999,0.09478923584169138,0.08185743295645821,2
dt.cc.upsampled,WICH,S,2.632354113083113,7923,0.5617668938533384,229.13647272370108,468.5298624579204,233686833.78573993,977058012.7019924,4450.8791,0.28306403283967196,0.24857168975528562,2
dt.ct,DRSC,P,2.382757092510604,8134,1.0,124.76267577571143,227.69482616465163,126611609.31946218,421706692.0347356,8134.0,0.09050765656750644,0.058482809401216834,2
dt.ct,DRSC,S,2.382757092510604,7948,1.0,249.34116900328542,458.0640973082728,494135255.5142834,1667670956.6461146,7948.0,0.3532300414185572,0.23127468580329333,2
dt.ct,EPJZ,P,6.535913067811123,20,1.0,46.75142548641098,255.41942997838962,43713.91570022876,1304781.7042097095,20.0,3.1248667406433995e-05,0.0001809487521986157,2
dt.ct,EPJZ,S,6.535913067811123,5,1.0,81.25483734075178,514.4138307850144,33011.74295636015,1323107.946514567,5.0,2.3598274362426655e-05,0.00018349025831174896,2
dt.ct,FRST,P,4.587712825396178,5854,1.0,67.8618815872012,250.63430447900714,26959045.529338825,367733964.5211293,5854.0,0.01927153479267957,0.050997804311987534,2
dt.ct,FRST,S,4.587712825396178,1091,1.0,131.77748311861137,504.6529788619392,18945547.817269813,277850020.31998366,1091.0,0.013543127242006778,0.03853258695538883,2
dt.ct,JULA,P,4.086674538904927,7921,1.0,76.26265657309838,248.20513286950785,46068478.87047145,487979446.61152154,7921.0,0.032931814757014795,0.06767359756658117,2
dt.ct,JULA,S,4.086674538904927,7194,1.0,149.4969001917479,499.68679143834737,160781030.86297664,1796247483.3360155,7194.0,0.11493349150312938,0.24910583870151806,2
dt.ct,WICH,P,2.632354113083113,8151,1.0,114.84373814625081,232.87155087182597,107504225.2441391,442021876.6836183,8151.0,0.07684884151027652,0.06130014451638563,2
dt.ct,WICH,S,2.632354113083113,7958,1.0,229.13647272370108,468.5298624579204,417823037.0865203,1746942006.3740792,7958.0,0.29867864526706045,0.24226809373311833,2
